-- Test data for stock_info table
INSERT INTO stock_info (stock_code, stock_name, market, industry, total_shares, market_cap, created_at, updated_at) VALUES
('000001', '平安银行', 'SZ', '银行', 19406000000, 248000000000.00, '2024-01-01 00:00:00', '2024-01-01 00:00:00'),
('000002', '万科A', 'SZ', '房地产', 11620000000, 132000000000.00, '2024-01-01 00:00:00', '2024-01-01 00:00:00'),
('000858', '五粮液', 'SZ', '食品饮料', 3882000000, 762000000000.00, '2024-01-01 00:00:00', '2024-01-01 00:00:00'),
('600519', '贵州茅台', 'SH', '食品饮料', 1256000000, 2250000000000.00, '2024-01-01 00:00:00', '2024-01-01 00:00:00'),
('601318', '中国平安', 'SH', '保险', 18280000000, 856000000000.00, '2024-01-01 00:00:00', '2024-01-01 00:00:00'),
('000333', '美的集团', 'SZ', '家用电器', 7060000000, 452000000000.00, '2024-01-01 00:00:00', '2024-01-01 00:00:00'),
('300750', '宁德时代', 'SZ', '电力设备', 2290000000, 658000000000.00, '2024-01-01 00:00:00', '2024-01-01 00:00:00'),
('002415', '海康威视', 'SZ', '计算机', 9380000000, 312000000000.00, '2024-01-01 00:00:00', '2024-01-01 00:00:00'),
('600036', '招商银行', 'SH', '银行', 25220000000, 924000000000.00, '2024-01-01 00:00:00', '2024-01-01 00:00:00'),
('000651', '格力电器', 'SZ', '家用电器', 6016000000, 198000000000.00, '2024-01-01 00:00:00', '2024-01-01 00:00:00');

-- Test data for daily_kline table (recent 10 days data for sample stocks)
INSERT INTO daily_kline (stock_code, trading_date, open_price, high_price, low_price, close_price, volume, turnover, change_percent, created_at) VALUES
('000001', '2024-03-01', 12.50, 12.80, 12.40, 12.70, 125000000, 1587500000.00, 1.60, '2024-03-01 15:00:00'),
('000001', '2024-03-04', 12.70, 12.90, 12.60, 12.85, 118000000, 1516300000.00, 1.18, '2024-03-04 15:00:00'),
('000001', '2024-03-05', 12.85, 13.00, 12.75, 12.90, 112000000, 1444800000.00, 0.39, '2024-03-05 15:00:00'),
('000001', '2024-03-06', 12.90, 13.10, 12.85, 13.05, 108000000, 1409400000.00, 1.16, '2024-03-06 15:00:00'),
('000001', '2024-03-07', 13.05, 13.20, 12.95, 13.10, 105000000, 1375500000.00, 0.38, '2024-03-07 15:00:00'),
('600519', '2024-03-01', 1750.00, 1780.00, 1740.00, 1765.00, 8500000, 14952500000.00, 0.86, '2024-03-01 15:00:00'),
('600519', '2024-03-04', 1765.00, 1790.00, 1755.00, 1780.00, 8200000, 14596000000.00, 0.85, '2024-03-04 15:00:00'),
('600519', '2024-03-05', 1780.00, 1800.00, 1770.00, 1795.00, 7900000, 14180500000.00, 0.84, '2024-03-05 15:00:00'),
('600519', '2024-03-06', 1795.00, 1815.00, 1785.00, 1805.00, 7600000, 13718000000.00, 0.56, '2024-03-06 15:00:00'),
('600519', '2024-03-07', 1805.00, 1825.00, 1795.00, 1815.00, 7300000, 13249500000.00, 0.55, '2024-03-07 15:00:00'),
('300750', '2024-03-01', 185.00, 188.00, 183.00, 186.50, 32500000, 6047500000.00, 0.81, '2024-03-01 15:00:00'),
('300750', '2024-03-04', 186.50, 190.00, 185.50, 188.50, 31000000, 5843500000.00, 1.07, '2024-03-04 15:00:00'),
('300750', '2024-03-05', 188.50, 192.00, 187.50, 190.50, 29500000, 5619750000.00, 1.06, '2024-03-05 15:00:00'),
('300750', '2024-03-06', 190.50, 194.00, 189.50, 192.50, 28000000, 5390000000.00, 1.05, '2024-03-06 15:00:00'),
('300750', '2024-03-07', 192.50, 196.00, 191.50, 194.50, 26500000, 5154250000.00, 1.04, '2024-03-07 15:00:00');

-- Test data for minute_kline table (sample 1-minute data for one day)
INSERT INTO minute_kline (stock_code, timestamp, open_price, high_price, low_price, close_price, volume, turnover, created_at) VALUES
('000001', '2024-03-01 09:30:00', 12.50, 12.52, 12.48, 12.51, 1500000, 18750000.00, '2024-03-01 09:30:00'),
('000001', '2024-03-01 09:31:00', 12.51, 12.53, 12.50, 12.52, 1450000, 18154000.00, '2024-03-01 09:31:00'),
('000001', '2024-03-01 09:32:00', 12.52, 12.55, 12.51, 12.54, 1400000, 17556000.00, '2024-03-01 09:32:00'),
('000001', '2024-03-01 09:33:00', 12.54, 12.56, 12.53, 12.55, 1350000, 16942500.00, '2024-03-01 09:33:00'),
('000001', '2024-03-01 09:34:00', 12.55, 12.58, 12.54, 12.57, 1300000, 16341000.00, '2024-03-01 09:34:00'),
('600519', '2024-03-01 09:30:00', 1750.00, 1752.00, 1748.00, 1751.00, 120000, 210120000.00, '2024-03-01 09:30:00'),
('600519', '2024-03-01 09:31:00', 1751.00, 1754.00, 1750.00, 1753.00, 115000, 201595000.00, '2024-03-01 09:31:00'),
('600519', '2024-03-01 09:32:00', 1753.00, 1756.00, 1752.00, 1755.00, 110000, 193050000.00, '2024-03-01 09:32:00'),
('600519', '2024-03-01 09:33:00', 1755.00, 1758.00, 1754.00, 1757.00, 105000, 184485000.00, '2024-03-01 09:33:00'),
('600519', '2024-03-01 09:34:00', 1757.00, 1760.00, 1756.00, 1759.00, 100000, 175900000.00, '2024-03-01 09:34:00'),
('300750', '2024-03-01 09:30:00', 185.00, 185.20, 184.80, 185.10, 450000, 83295000.00, '2024-03-01 09:30:00'),
('300750', '2024-03-01 09:31:00', 185.10, 185.40, 184.90, 185.30, 440000, 81532000.00, '2024-03-01 09:31:00'),
('300750', '2024-03-01 09:32:00', 185.30, 185.60, 185.10, 185.50, 430000, 79765000.00, '2024-03-01 09:32:00'),
('300750', '2024-03-01 09:33:00', 185.50, 185.80, 185.30, 185.70, 420000, 77994000.00, '2024-03-01 09:33:00'),
('300750', '2024-03-01 09:34:00', 185.70, 186.00, 185.50, 185.90, 410000, 76219000.00, '2024-03-01 09:34:00');